{
	"info": {
		"_postman_id": "1f399864-269d-4dc9-89f8-1297bf77b3c7",
		"name": "Blog - Monolith",
		"schema": "https://schema.getpostman.com/json/collection/v2.1.0/collection.json"
	},
	"item": [
		{
			"name": "User",
			"item": [
				{
					"name": "http://localhost:8081/users",
					"request": {
						"method": "POST",
						"header": [],
						"body": {
							"mode": "raw",
							"raw": "{\n    \"id\": 1,\n    \"emailId\": \"user2@email.com\",\n    \"name\": \"user2\",\n    \"password\": \"password\"\n}",
							"options": {
								"raw": {
									"language": "json"
								}
							}
						},
						"url": {
							"raw": "http://localhost:8081/users",
							"protocol": "http",
							"host": [
								"localhost"
							],
							"port": "8081",
							"path": [
								"users"
							]
						}
					},
					"response": []
				},
				{
					"name": "http://localhost:8081/users",
					"request": {
						"method": "GET",
						"header": [],
						"url": {
							"raw": "http://localhost:8081/users",
							"protocol": "http",
							"host": [
								"localhost"
							],
							"port": "8081",
							"path": [
								"users"
							]
						}
					},
					"response": []
				},
				{
					"name": "http://localhost:8081/users",
					"request": {
						"method": "PUT",
						"header": [],
						"body": {
							"mode": "raw",
							"raw": "{\n        \"id\": 2,\n        \"emailId\": \"user1@email.com\",\n        \"name\": \"user123\",\n        \"password\": \"password\"\n}",
							"options": {
								"raw": {
									"language": "json"
								}
							}
						},
						"url": {
							"raw": "http://localhost:8081/users",
							"protocol": "http",
							"host": [
								"localhost"
							],
							"port": "8081",
							"path": [
								"users"
							]
						}
					},
					"response": []
				},
				{
					"name": "http://localhost:8081/users/1",
					"request": {
						"method": "DELETE",
						"header": [],
						"body": {
							"mode": "raw",
							"raw": "{\n        \"id\": 1,\n        \"emailId\": \"user1@email.com\",\n        \"name\": \"user1\",\n        \"password\": \"password\"\n}",
							"options": {
								"raw": {
									"language": "json"
								}
							}
						},
						"url": {
							"raw": "http://localhost:8081/users/2",
							"protocol": "http",
							"host": [
								"localhost"
							],
							"port": "8081",
							"path": [
								"users",
								"2"
							]
						}
					},
					"response": []
				}
			]
		},
		{
			"name": "Post",
			"item": [
				{
					"name": "http://localhost:8081/posts",
					"request": {
						"method": "POST",
						"header": [
							{
								"key": "user-id",
								"value": "1",
								"type": "default"
							}
						],
						"body": {
							"mode": "raw",
							"raw": "{\n    \"title\":\"xyz\",\n    \"description\": \"description1\"\n}",
							"options": {
								"raw": {
									"language": "json"
								}
							}
						},
						"url": {
							"raw": "http://localhost:8081/posts",
							"protocol": "http",
							"host": [
								"localhost"
							],
							"port": "8081",
							"path": [
								"posts"
							]
						}
					},
					"response": []
				},
				{
					"name": "http://localhost:8081/posts",
					"request": {
						"method": "PUT",
						"header": [
							{
								"key": "user-id",
								"value": "1",
								"type": "default"
							}
						],
						"body": {
							"mode": "raw",
							"raw": "{\n    \"id\": 1,\n    \"title\":\"title2\",\n    \"description\": \"description2\"\n}",
							"options": {
								"raw": {
									"language": "json"
								}
							}
						},
						"url": {
							"raw": "http://localhost:8081/posts",
							"protocol": "http",
							"host": [
								"localhost"
							],
							"port": "8081",
							"path": [
								"posts"
							]
						}
					},
					"response": []
				},
				{
					"name": "http://localhost:8081/posts",
					"protocolProfileBehavior": {
						"disableBodyPruning": true
					},
					"request": {
						"method": "GET",
						"header": [
							{
								"key": "user-id",
								"value": "1",
								"type": "default"
							}
						],
						"body": {
							"mode": "raw",
							"raw": "{\n    \"id\": 1,\n    \"title\":\"title2\",\n    \"description\": \"description2\"\n}",
							"options": {
								"raw": {
									"language": "json"
								}
							}
						},
						"url": {
							"raw": "http://localhost:8081/posts",
							"protocol": "http",
							"host": [
								"localhost"
							],
							"port": "8081",
							"path": [
								"posts"
							]
						}
					},
					"response": []
				},
				{
					"name": "http://localhost:8081/posts/titles",
					"protocolProfileBehavior": {
						"disableBodyPruning": true
					},
					"request": {
						"method": "GET",
						"header": [
							{
								"key": "user-id",
								"value": "1",
								"type": "default"
							}
						],
						"body": {
							"mode": "raw",
							"raw": "{\n    \"id\": 1,\n    \"title\":\"title2\",\n    \"description\": \"description2\"\n}",
							"options": {
								"raw": {
									"language": "json"
								}
							}
						},
						"url": {
							"raw": "http://localhost:8081/posts/titles",
							"protocol": "http",
							"host": [
								"localhost"
							],
							"port": "8081",
							"path": [
								"posts",
								"titles"
							]
						}
					},
					"response": []
				},
				{
					"name": "http://localhost:8081/posts/summary",
					"protocolProfileBehavior": {
						"disableBodyPruning": true
					},
					"request": {
						"method": "GET",
						"header": [
							{
								"key": "user-id",
								"value": "1",
								"type": "default"
							}
						],
						"body": {
							"mode": "raw",
							"raw": "{\n    \"id\": 1,\n    \"title\":\"title2\",\n    \"description\": \"description2\"\n}",
							"options": {
								"raw": {
									"language": "json"
								}
							}
						},
						"url": {
							"raw": "http://localhost:8081/posts/summary",
							"protocol": "http",
							"host": [
								"localhost"
							],
							"port": "8081",
							"path": [
								"posts",
								"summary"
							]
						}
					},
					"response": []
				},
				{
					"name": "http://localhost:8081/posts/summary Copy",
					"protocolProfileBehavior": {
						"disableBodyPruning": true
					},
					"request": {
						"method": "GET",
						"header": [
							{
								"key": "user-id",
								"value": "1",
								"type": "default"
							}
						],
						"body": {
							"mode": "raw",
							"raw": "{\n    \"id\": 1,\n    \"title\":\"title2\",\n    \"description\": \"description2\"\n}",
							"options": {
								"raw": {
									"language": "json"
								}
							}
						},
						"url": {
							"raw": "http://localhost:8081/posts/search?searchString=x",
							"protocol": "http",
							"host": [
								"localhost"
							],
							"port": "8081",
							"path": [
								"posts",
								"search"
							],
							"query": [
								{
									"key": "searchString",
									"value": "x"
								}
							]
						}
					},
					"response": []
				},
				{
					"name": "http://localhost:8081/posts/1",
					"request": {
						"method": "DELETE",
						"header": [
							{
								"key": "user-id",
								"value": "1",
								"type": "default"
							}
						],
						"body": {
							"mode": "raw",
							"raw": "{\n    \"id\": 1,\n    \"title\":\"title2\",\n    \"description\": \"description2\"\n}",
							"options": {
								"raw": {
									"language": "json"
								}
							}
						},
						"url": {
							"raw": "http://localhost:8081/posts/1",
							"protocol": "http",
							"host": [
								"localhost"
							],
							"port": "8081",
							"path": [
								"posts",
								"1"
							]
						}
					},
					"response": []
				}
			]
		},
		{
			"name": "Comment",
			"item": [
				{
					"name": "http://localhost:8081/comments",
					"request": {
						"method": "POST",
						"header": [
							{
								"key": "post-id",
								"value": "1",
								"type": "default"
							}
						],
						"body": {
							"mode": "raw",
							"raw": "{\n    \"comment\":\"qwerty\"\n}",
							"options": {
								"raw": {
									"language": "json"
								}
							}
						},
						"url": {
							"raw": "http://localhost:8081/comments",
							"protocol": "http",
							"host": [
								"localhost"
							],
							"port": "8081",
							"path": [
								"comments"
							]
						}
					},
					"response": []
				},
				{
					"name": "http://localhost:8081/comments",
					"request": {
						"method": "PUT",
						"header": [
							{
								"key": "post-id",
								"value": "1",
								"type": "default"
							}
						],
						"body": {
							"mode": "raw",
							"raw": "{\n    \"id\": 1,\n    \"comment\":\"comment-1\"\n}",
							"options": {
								"raw": {
									"language": "json"
								}
							}
						},
						"url": {
							"raw": "http://localhost:8081/comments",
							"protocol": "http",
							"host": [
								"localhost"
							],
							"port": "8081",
							"path": [
								"comments"
							]
						}
					},
					"response": []
				},
				{
					"name": "http://localhost:8081/comments/2",
					"protocolProfileBehavior": {
						"disableBodyPruning": true
					},
					"request": {
						"method": "GET",
						"header": [
							{
								"key": "post-id",
								"value": "1",
								"type": "default",
								"disabled": true
							}
						],
						"body": {
							"mode": "raw",
							"raw": "{\n    \"id\": 1,\n    \"title\":\"title2\",\n    \"description\": \"description2\"\n}",
							"options": {
								"raw": {
									"language": "json"
								}
							}
						},
						"url": {
							"raw": "http://localhost:8081/comments/2",
							"protocol": "http",
							"host": [
								"localhost"
							],
							"port": "8081",
							"path": [
								"comments",
								"2"
							]
						}
					},
					"response": []
				},
				{
					"name": "http://localhost:8081/comments/sorted/asc",
					"protocolProfileBehavior": {
						"disableBodyPruning": true
					},
					"request": {
						"method": "GET",
						"header": [
							{
								"key": "post-id",
								"value": "1",
								"type": "default",
								"disabled": true
							}
						],
						"body": {
							"mode": "raw",
							"raw": "{\n    \"id\": 1,\n    \"title\":\"title2\",\n    \"description\": \"description2\"\n}",
							"options": {
								"raw": {
									"language": "json"
								}
							}
						},
						"url": {
							"raw": "http://localhost:8081/comments/sorted/asc",
							"protocol": "http",
							"host": [
								"localhost"
							],
							"port": "8081",
							"path": [
								"comments",
								"sorted",
								"asc"
							]
						}
					},
					"response": []
				},
				{
					"name": "http://localhost:8081/comments/search?searchString=abc",
					"protocolProfileBehavior": {
						"disableBodyPruning": true
					},
					"request": {
						"method": "GET",
						"header": [
							{
								"key": "post-id",
								"value": "1",
								"type": "default",
								"disabled": true
							}
						],
						"body": {
							"mode": "raw",
							"raw": "",
							"options": {
								"raw": {
									"language": "json"
								}
							}
						},
						"url": {
							"raw": "http://localhost:8081/comments/search?searchString=comment33",
							"protocol": "http",
							"host": [
								"localhost"
							],
							"port": "8081",
							"path": [
								"comments",
								"search"
							],
							"query": [
								{
									"key": "searchString",
									"value": "comment33"
								}
							]
						}
					},
					"response": []
				},
				{
					"name": "http://localhost:8081/comments/1",
					"request": {
						"method": "DELETE",
						"header": [
							{
								"key": "post-id",
								"value": "2",
								"type": "default",
								"disabled": true
							}
						],
						"body": {
							"mode": "raw",
							"raw": "{\n    \"id\": 1,\n    \"title\":\"title2\",\n    \"description\": \"description2\"\n}",
							"options": {
								"raw": {
									"language": "json"
								}
							}
						},
						"url": {
							"raw": "http://localhost:8081/comments/1",
							"protocol": "http",
							"host": [
								"localhost"
							],
							"port": "8081",
							"path": [
								"comments",
								"1"
							]
						}
					},
					"response": []
				}
			]
		}
	],
	"event": [
		{
			"listen": "prerequest",
			"script": {
				"type": "text/javascript",
				"exec": [
					""
				]
			}
		},
		{
			"listen": "test",
			"script": {
				"type": "text/javascript",
				"exec": [
					""
				]
			}
		}
	],
	"variable": [
		{
			"key": "USERID",
			"value": "1",
			"type": "default"
		}
	]
}